Department;Region;District;Kostenstelle;;
Abteilung Baden-Württemberg (BW);Freiburg;Freiburg;30901;;
Abteilung Baden-Württemberg (BW);Freiburg;Emmendingen;30902;;
Abteilung Baden-Württemberg (BW);Freiburg;Bad Krozingen;30903;;
Abteilung Baden-Württemberg (BW);Freiburg;Villingen - Schwenningen;30904;;
Abteilung Baden-Württemberg (BW);Freiburg;Lörrach;30905;;
Abteilung Baden-Württemberg (BW);Freiburg;Lahr;30909;;
Abteilung Baden-Württemberg (BW);Freiburg;Waldshut-Tiengen;30975;;
Abteilung Baden-Württemberg (BW);Heidelberg;Heidelberg;30501;;
Abteilung Baden-Württemberg (BW);Heidelberg;Weinheim;30502;;
Abteilung Baden-Württemberg (BW);Heidelberg;Mosbach;30504;;
Abteilung Baden-Württemberg (BW);Heidelberg;Mannheim;30508;;
Abteilung Baden-Württemberg (BW);Heidelberg;Bruchsal;30712;;
Abteilung Baden-Württemberg (BW);Heilbronn;Aalen;30703;;
Abteilung Baden-Württemberg (BW);Heilbronn;Bad Rappenau;30503;;
Abteilung Baden-Württemberg (BW);Heilbronn;Heilbronn;30507;;
Abteilung Baden-Württemberg (BW);Heilbronn;Tauberbischofsheim;30557;;
Abteilung Baden-Württemberg (BW);Heilbronn;Schorndorf;30704;;
Abteilung Baden-Württemberg (BW);Heilbronn;Schwäbisch Gmünd;30708;;
Abteilung Baden-Württemberg (BW);Karlsruhe;Ettlingen;30710;;
Abteilung Baden-Württemberg (BW);Karlsruhe;Karlsruhe;30709;;
Abteilung Baden-Württemberg (BW);Karlsruhe;Offenburg;30907;;
Abteilung Baden-Württemberg (BW);Karlsruhe;Freudenstadt ;30907;;
Abteilung Baden-Württemberg (BW);Karlsruhe;Kehl;30907;;
Abteilung Baden-Württemberg (BW);Karlsruhe;Pforzheim;30713;;
Abteilung Baden-Württemberg (BW);Karlsruhe;Rastatt;30711;;
Abteilung Baden-Württemberg (BW);Stuttgart;Stuttgart;30701;;
Abteilung Baden-Württemberg (BW);Stuttgart;Göppingen;30702;;
Abteilung Baden-Württemberg (BW);Stuttgart;Böblingen;30705;;
Abteilung Baden-Württemberg (BW);Stuttgart;Ludwigsburg;30715;;
Abteilung Baden-Württemberg (BW);Stuttgart;Stuttgart-Vaihingen;30751;;
Abteilung Baden-Württemberg (BW);Ulm;Konstanz;30802;;
Abteilung Baden-Württemberg (BW);Ulm;Singen;30803;;
Abteilung Baden-Württemberg (BW);Ulm;Sigmaringen;30873;;
Abteilung Baden-Württemberg (BW);Ulm;Friedrichshafen;30804;;
Abteilung Baden-Württemberg (BW);Ulm;Ravensburg;30805;;
Abteilung Baden-Württemberg (BW);Ulm;Tübingen;30807;;
Abteilung Baden-Württemberg (BW);Ulm;Ulm;30808;;
Abteilung Schleswig-Holstein, Niedersachsen, Hamburg, Bremen (SH/Ni/HH/HB);Kiel;Flensburg;60113;;
Abteilung Schleswig-Holstein, Niedersachsen, Hamburg, Bremen (SH/Ni/HH/HB);Kiel;Heide ;60104;;
Abteilung Schleswig-Holstein, Niedersachsen, Hamburg, Bremen (SH/Ni/HH/HB);Kiel;Kiel;60101;;
Abteilung Schleswig-Holstein, Niedersachsen, Hamburg, Bremen (SH/Ni/HH/HB);Kiel;Neumünster;60108;;
Abteilung Schleswig-Holstein, Niedersachsen, Hamburg, Bremen (SH/Ni/HH/HB);Kiel;Rendsburg;60105;;
Abteilung Schleswig-Holstein, Niedersachsen, Hamburg, Bremen (SH/Ni/HH/HB);Kiel;Schleswig ;60106;;
Abteilung Schleswig-Holstein, Niedersachsen, Hamburg, Bremen (SH/Ni/HH/HB);Lübeck;Bad Segeberg;60109;;
Abteilung Schleswig-Holstein, Niedersachsen, Hamburg, Bremen (SH/Ni/HH/HB);Lübeck;Elmshorn;60112;;
Abteilung Schleswig-Holstein, Niedersachsen, Hamburg, Bremen (SH/Ni/HH/HB);Lübeck;Geesthacht;60117;;
Abteilung Schleswig-Holstein, Niedersachsen, Hamburg, Bremen (SH/Ni/HH/HB);Lübeck;Itzehoe;60102;;
Abteilung Schleswig-Holstein, Niedersachsen, Hamburg, Bremen (SH/Ni/HH/HB);Lübeck;Lübeck;60114;;
Abteilung Schleswig-Holstein, Niedersachsen, Hamburg, Bremen (SH/Ni/HH/HB);Lübeck;Norderstedt;60110;;
Abteilung Schleswig-Holstein, Niedersachsen, Hamburg, Bremen (SH/Ni/HH/HB);Lübeck;Pinneberg;60111;;
Abteilung Schleswig-Holstein, Niedersachsen, Hamburg, Bremen (SH/Ni/HH/HB);Hamburg;Hamburg Altona;60302;;
Abteilung Schleswig-Holstein, Niedersachsen, Hamburg, Bremen (SH/Ni/HH/HB);Hamburg;Hamburg Harburg;60304;;
Abteilung Schleswig-Holstein, Niedersachsen, Hamburg, Bremen (SH/Ni/HH/HB);Hamburg;Hamburg Mitte;60301;;
Abteilung Schleswig-Holstein, Niedersachsen, Hamburg, Bremen (SH/Ni/HH/HB);Hamburg;Hamburg Wandsbek;60303;;
Abteilung Schleswig-Holstein, Niedersachsen, Hamburg, Bremen (SH/Ni/HH/HB);Oldenburg;Aurich;60408;;
Abteilung Schleswig-Holstein, Niedersachsen, Hamburg, Bremen (SH/Ni/HH/HB);Oldenburg;Bad Zwischenahn;60502;;
Abteilung Schleswig-Holstein, Niedersachsen, Hamburg, Bremen (SH/Ni/HH/HB);Oldenburg;Delmenhorst;60403;;
Abteilung Schleswig-Holstein, Niedersachsen, Hamburg, Bremen (SH/Ni/HH/HB);Oldenburg;Emden;60504;;
Abteilung Schleswig-Holstein, Niedersachsen, Hamburg, Bremen (SH/Ni/HH/HB);Oldenburg;Leer;60505;;
Abteilung Schleswig-Holstein, Niedersachsen, Hamburg, Bremen (SH/Ni/HH/HB);Oldenburg;Oldenburg;60511;;
Abteilung Schleswig-Holstein, Niedersachsen, Hamburg, Bremen (SH/Ni/HH/HB);Oldenburg;Wilhemshaven;60409;;
Abteilung Schleswig-Holstein, Niedersachsen, Hamburg, Bremen (SH/Ni/HH/HB);Bremen;Bremen;60401;;
Abteilung Schleswig-Holstein, Niedersachsen, Hamburg, Bremen (SH/Ni/HH/HB);Bremen;Bremerhaven;60402;;
Abteilung Schleswig-Holstein, Niedersachsen, Hamburg, Bremen (SH/Ni/HH/HB);Bremen;Rotenburg;60406;;
Abteilung Schleswig-Holstein, Niedersachsen, Hamburg, Bremen (SH/Ni/HH/HB);Bremen;Stade;60404;;
Abteilung Schleswig-Holstein, Niedersachsen, Hamburg, Bremen (SH/Ni/HH/HB);Bremen;Verden;60407;;
Abteilung Schleswig-Holstein, Niedersachsen, Hamburg, Bremen (SH/Ni/HH/HB);Braunschweig / Lüneburg;Buchholz;60305;;
Abteilung Schleswig-Holstein, Niedersachsen, Hamburg, Bremen (SH/Ni/HH/HB);Braunschweig / Lüneburg;Celle (beeinhaltet ÖZ2-GS Soltau);60319;;
Abteilung Schleswig-Holstein, Niedersachsen, Hamburg, Bremen (SH/Ni/HH/HB);Braunschweig / Lüneburg;Lüneburg;60309;;
Abteilung Schleswig-Holstein, Niedersachsen, Hamburg, Bremen (SH/Ni/HH/HB);Braunschweig / Lüneburg;Uelzen;60320;;
Abteilung Schleswig-Holstein, Niedersachsen, Hamburg, Bremen (SH/Ni/HH/HB);Braunschweig / Lüneburg;Braunschweig;60318;;
Abteilung Schleswig-Holstein, Niedersachsen, Hamburg, Bremen (SH/Ni/HH/HB);Braunschweig / Lüneburg;Gifhorn;60315;;
Abteilung Schleswig-Holstein, Niedersachsen, Hamburg, Bremen (SH/Ni/HH/HB);Braunschweig / Lüneburg;Helmstedt;60314;;
Abteilung Schleswig-Holstein, Niedersachsen, Hamburg, Bremen (SH/Ni/HH/HB);Braunschweig / Lüneburg;Wolfenbüttel;60316;;
Abteilung Schleswig-Holstein, Niedersachsen, Hamburg, Bremen (SH/Ni/HH/HB);Braunschweig / Lüneburg;Wolfsburg;60313;;
Abteilung Schleswig-Holstein, Niedersachsen, Hamburg, Bremen (SH/Ni/HH/HB);Osnabrück;Cloppenburg;60503;;
Abteilung Schleswig-Holstein, Niedersachsen, Hamburg, Bremen (SH/Ni/HH/HB);Osnabrück;Lingen;60509;;
Abteilung Schleswig-Holstein, Niedersachsen, Hamburg, Bremen (SH/Ni/HH/HB);Osnabrück;Melle;60507;;
Abteilung Schleswig-Holstein, Niedersachsen, Hamburg, Bremen (SH/Ni/HH/HB);Osnabrück;Meppen;60510;;
Abteilung Schleswig-Holstein, Niedersachsen, Hamburg, Bremen (SH/Ni/HH/HB);Osnabrück;Osnabrück;60501;;
Abteilung Schleswig-Holstein, Niedersachsen, Hamburg, Bremen (SH/Ni/HH/HB);Osnabrück;Vechta;60508;;
Abteilung Schleswig-Holstein, Niedersachsen, Hamburg, Bremen (SH/Ni/HH/HB);Hannover;Hameln;60609;;
Abteilung Schleswig-Holstein, Niedersachsen, Hamburg, Bremen (SH/Ni/HH/HB);Hannover;Hannover City;60615;;
Abteilung Schleswig-Holstein, Niedersachsen, Hamburg, Bremen (SH/Ni/HH/HB);Hannover;Hannover West;60614;;
Abteilung Schleswig-Holstein, Niedersachsen, Hamburg, Bremen (SH/Ni/HH/HB);Hannover;Stadthagen;60610;;
Abteilung Schleswig-Holstein, Niedersachsen, Hamburg, Bremen (SH/Ni/HH/HB);Hannover;Wunstorf;60611;;
Abteilung Schleswig-Holstein, Niedersachsen, Hamburg, Bremen (SH/Ni/HH/HB);Göttingen;Goslar (beinhaltet ÖZ2-GS Osterode);60608;;
Abteilung Schleswig-Holstein, Niedersachsen, Hamburg, Bremen (SH/Ni/HH/HB);Göttingen;Göttingen;60601;;
Abteilung Schleswig-Holstein, Niedersachsen, Hamburg, Bremen (SH/Ni/HH/HB);Göttingen;Hildesheim (beinhaltet ÖZ2-GS Alfeld);60605;;
Abteilung Schleswig-Holstein, Niedersachsen, Hamburg, Bremen (SH/Ni/HH/HB);Göttingen;Peine;60317;;
Abteilung Mecklenburg-Vorpommern, Brandenburg, Berlin (MV/BB/BE);Rostock;Bergen auf Rügen;60207;;
Abteilung Mecklenburg-Vorpommern, Brandenburg, Berlin (MV/BB/BE);Rostock;Greifswald;60204;;
Abteilung Mecklenburg-Vorpommern, Brandenburg, Berlin (MV/BB/BE);Rostock;Rostock;60201;;
Abteilung Mecklenburg-Vorpommern, Brandenburg, Berlin (MV/BB/BE);Rostock;Stralsund;60206;;
Abteilung Mecklenburg-Vorpommern, Brandenburg, Berlin (MV/BB/BE);Rostock;Wismar;60208;;
Abteilung Mecklenburg-Vorpommern, Brandenburg, Berlin (MV/BB/BE);Schwerin;Anklam;60209;;
Abteilung Mecklenburg-Vorpommern, Brandenburg, Berlin (MV/BB/BE);Schwerin;Güstrow;60205;;
Abteilung Mecklenburg-Vorpommern, Brandenburg, Berlin (MV/BB/BE);Schwerin;Neubrandenburg;60210;;
Abteilung Mecklenburg-Vorpommern, Brandenburg, Berlin (MV/BB/BE);Schwerin;Schwerin;60211;;
Abteilung Mecklenburg-Vorpommern, Brandenburg, Berlin (MV/BB/BE);Schwerin;Waren;60203;;
Abteilung Mecklenburg-Vorpommern, Brandenburg, Berlin (MV/BB/BE);Neuruppin;Brandenburg a.d.H.;10210;;
Abteilung Mecklenburg-Vorpommern, Brandenburg, Berlin (MV/BB/BE);Neuruppin;Hennigsdorf;10208;;
Abteilung Mecklenburg-Vorpommern, Brandenburg, Berlin (MV/BB/BE);Neuruppin;Neuruppin ;10202;;
Abteilung Mecklenburg-Vorpommern, Brandenburg, Berlin (MV/BB/BE);Neuruppin;Oranienburg (beinhaltet ÖZ2-GS Zehdenick);10207;;
Abteilung Mecklenburg-Vorpommern, Brandenburg, Berlin (MV/BB/BE);Potsdam;Bad Belzig;10203;;
Abteilung Mecklenburg-Vorpommern, Brandenburg, Berlin (MV/BB/BE);Potsdam;Falkensee;10204;;
Abteilung Mecklenburg-Vorpommern, Brandenburg, Berlin (MV/BB/BE);Potsdam;Luckenwalde;10205;;
Abteilung Mecklenburg-Vorpommern, Brandenburg, Berlin (MV/BB/BE);Potsdam;Ludwigsfelde;10206;;
Abteilung Mecklenburg-Vorpommern, Brandenburg, Berlin (MV/BB/BE);Potsdam;Potsdam;10201;;
Abteilung Mecklenburg-Vorpommern, Brandenburg, Berlin (MV/BB/BE);Berlin A;Berlin Charlottenburg-Wilmersdorf;10101;;
Abteilung Mecklenburg-Vorpommern, Brandenburg, Berlin (MV/BB/BE);Berlin A;Berlin Mitte;10104;;
Abteilung Mecklenburg-Vorpommern, Brandenburg, Berlin (MV/BB/BE);Berlin A;Berlin Reinickendorf;10106;;
Abteilung Mecklenburg-Vorpommern, Brandenburg, Berlin (MV/BB/BE);Berlin A;Berlin Steglitz-Zehlendorf;10107;;
Abteilung Mecklenburg-Vorpommern, Brandenburg, Berlin (MV/BB/BE);Berlin B;Berlin Friedrichshain-Kreuzberg;;;
Abteilung Mecklenburg-Vorpommern, Brandenburg, Berlin (MV/BB/BE);Berlin B;Berlin Marzahn-Hellersdorf;10103;;
Abteilung Mecklenburg-Vorpommern, Brandenburg, Berlin (MV/BB/BE);Berlin B;Berlin Pankow;10105;;
Abteilung Mecklenburg-Vorpommern, Brandenburg, Berlin (MV/BB/BE);Berlin B;Berlin Treptow-Köpenick;10109;;
Abteilung Mecklenburg-Vorpommern, Brandenburg, Berlin (MV/BB/BE);Cottbus ;Cottbus;10401;;
Abteilung Mecklenburg-Vorpommern, Brandenburg, Berlin (MV/BB/BE);Cottbus ;Königs Wusterhausen;10407;;
Abteilung Mecklenburg-Vorpommern, Brandenburg, Berlin (MV/BB/BE);Cottbus ;Lübben;10402;;
Abteilung Mecklenburg-Vorpommern, Brandenburg, Berlin (MV/BB/BE);Cottbus ;Senftenberg;10403;;
Abteilung Mecklenburg-Vorpommern, Brandenburg, Berlin (MV/BB/BE);Strausberg;Bernau;10410;;
Abteilung Mecklenburg-Vorpommern, Brandenburg, Berlin (MV/BB/BE);Strausberg;Eberswalde;10406;;
Abteilung Mecklenburg-Vorpommern, Brandenburg, Berlin (MV/BB/BE);Strausberg;Frankfurt (Oder);10409;;
Abteilung Mecklenburg-Vorpommern, Brandenburg, Berlin (MV/BB/BE);Strausberg;Schwedt;10411;;
Abteilung Mecklenburg-Vorpommern, Brandenburg, Berlin (MV/BB/BE);Strausberg;Strausberg;10405;;
Abteilung Nordrhein-Westfalen Nord (NRW Nord);Münster / Coesfeld;Coesfeld;50205;;
Abteilung Nordrhein-Westfalen Nord (NRW Nord);Münster / Coesfeld;Dülmen;50206;;
Abteilung Nordrhein-Westfalen Nord (NRW Nord);Münster / Coesfeld;Rheine;50212;;
Abteilung Nordrhein-Westfalen Nord (NRW Nord);Münster / Coesfeld;Stadtlohn;50203;;
Abteilung Nordrhein-Westfalen Nord (NRW Nord);Münster / Coesfeld;Steinfurt;50210;;
Abteilung Nordrhein-Westfalen Nord (NRW Nord);Münster / Coesfeld;Ahlen;50209;;
Abteilung Nordrhein-Westfalen Nord (NRW Nord);Münster / Coesfeld;Ibbenbüren;50211;;
Abteilung Nordrhein-Westfalen Nord (NRW Nord);Münster / Coesfeld;Münster;50202;;
Abteilung Nordrhein-Westfalen Nord (NRW Nord);Münster / Coesfeld;Warendorf;50208;;
Abteilung Nordrhein-Westfalen Nord (NRW Nord);Bielefeld;Bad Oeynhausen;;;
Abteilung Nordrhein-Westfalen Nord (NRW Nord);Bielefeld;Bielefeld;50101;;
Abteilung Nordrhein-Westfalen Nord (NRW Nord);Bielefeld;Gütersloh;50111;;
Abteilung Nordrhein-Westfalen Nord (NRW Nord);Bielefeld;Herford;50102;;
Abteilung Nordrhein-Westfalen Nord (NRW Nord);Bielefeld;Minden;50103;;
Abteilung Nordrhein-Westfalen Nord (NRW Nord);Paderborn;Detmold;50110;;
Abteilung Nordrhein-Westfalen Nord (NRW Nord);Paderborn;Höxter;50108;;
Abteilung Nordrhein-Westfalen Nord (NRW Nord);Paderborn;Lemgo;50109;;
Abteilung Nordrhein-Westfalen Nord (NRW Nord);Paderborn;Lippstadt;50106;;
Abteilung Nordrhein-Westfalen Nord (NRW Nord);Paderborn;Paderborn;50112;;
Abteilung Nordrhein-Westfalen Nord (NRW Nord);Paderborn;Salzkotten;50107;;
Abteilung Nordrhein-Westfalen Nord (NRW Nord);Paderborn;Hamburg Wandsbek;;;
Abteilung Nordrhein-Westfalen Nord (NRW Nord);Duisburg / Wesel;Duisburg;50414;;
Abteilung Nordrhein-Westfalen Nord (NRW Nord);Duisburg / Wesel;Geldern;50407;;
Abteilung Nordrhein-Westfalen Nord (NRW Nord);Duisburg / Wesel;Moers;50410;;
Abteilung Nordrhein-Westfalen Nord (NRW Nord);Duisburg / Wesel;Mülheim;50405;;
Abteilung Nordrhein-Westfalen Nord (NRW Nord);Duisburg / Wesel;Oberhausen;50406;;
Abteilung Nordrhein-Westfalen Nord (NRW Nord);Duisburg / Wesel;Bocholt;50204;;
Abteilung Nordrhein-Westfalen Nord (NRW Nord);Duisburg / Wesel;Borken;50213;;
Abteilung Nordrhein-Westfalen Nord (NRW Nord);Duisburg / Wesel;Kleve;50408;;
Abteilung Nordrhein-Westfalen Nord (NRW Nord);Duisburg / Wesel;Wesel;50404;;
Abteilung Nordrhein-Westfalen Nord (NRW Nord);Essen;Bottrop;50410;;
Abteilung Nordrhein-Westfalen Nord (NRW Nord);Essen;Dinslaken;50403;;
Abteilung Nordrhein-Westfalen Nord (NRW Nord);Essen;Dorsten;50411;;
Abteilung Nordrhein-Westfalen Nord (NRW Nord);Essen;Essen;50401;;
Abteilung Nordrhein-Westfalen Nord (NRW Nord);Essen;Gelsenkirchen;50409;;
Abteilung Nordrhein-Westfalen Nord (NRW Nord);Bochum;Bochum;50314;;
Abteilung Nordrhein-Westfalen Nord (NRW Nord);Bochum;Hagen;50312;;
Abteilung Nordrhein-Westfalen Nord (NRW Nord);Bochum;Hattingen;50305;;
Abteilung Nordrhein-Westfalen Nord (NRW Nord);Bochum;Herne;50308;;
Abteilung Nordrhein-Westfalen Nord (NRW Nord);Bochum;Recklinghausen;50413;;
Abteilung Nordrhein-Westfalen Nord (NRW Nord);Dortmund;Dortmund Innenstadt West;50301;;
Abteilung Nordrhein-Westfalen Nord (NRW Nord);Dortmund;Dortmund Südost;50302;;
Abteilung Nordrhein-Westfalen Nord (NRW Nord);Dortmund;Hamm;50207;;
Abteilung Nordrhein-Westfalen Nord (NRW Nord);Dortmund;Soest;50105;;
Abteilung Nordrhein-Westfalen Nord (NRW Nord);Dortmund;Unna;50303;;
Abteilung Nordrhein-Westfalen Süd (NRW Süd);Mönchengladbach;Heinsberg;40112;;
Abteilung Nordrhein-Westfalen Süd (NRW Süd);Mönchengladbach;Krefeld;40116;;
Abteilung Nordrhein-Westfalen Süd (NRW Süd);Mönchengladbach;Mönchengladbach;40111;;
Abteilung Nordrhein-Westfalen Süd (NRW Süd);Mönchengladbach;Viersen;40113;;
Abteilung Nordrhein-Westfalen Süd (NRW Süd);Düsseldorf;Düsseldorf Zentrum;40101;;
Abteilung Nordrhein-Westfalen Süd (NRW Süd);Düsseldorf;Grevenbroich;40114;;
Abteilung Nordrhein-Westfalen Süd (NRW Süd);Düsseldorf;Hilden;40104;;
Abteilung Nordrhein-Westfalen Süd (NRW Süd);Düsseldorf;Langenfeld;40105;;
Abteilung Nordrhein-Westfalen Süd (NRW Süd);Düsseldorf;Meerbusch;40115;;
Abteilung Nordrhein-Westfalen Süd (NRW Süd);Düsseldorf;Mettmann (beinhaltet ÖZ2-GS Ratingen);40103;;
Abteilung Nordrhein-Westfalen Süd (NRW Süd);Düsseldorf;Neuss;40117;;
Abteilung Nordrhein-Westfalen Süd (NRW Süd);Wuppertal ;Remscheid;40106;;
Abteilung Nordrhein-Westfalen Süd (NRW Süd);Wuppertal ;Solingen;40110;;
Abteilung Nordrhein-Westfalen Süd (NRW Süd);Wuppertal ;Velbert;40107;;
Abteilung Nordrhein-Westfalen Süd (NRW Süd);Wuppertal ;Wuppertal Barmen;40109;;
Abteilung Nordrhein-Westfalen Süd (NRW Süd);Wuppertal ;Wuppertal Elberfeld;40108;;
Abteilung Nordrhein-Westfalen Süd (NRW Süd);Bergisch Gladbach / Arnsberg;Arnsberg;50309;;
Abteilung Nordrhein-Westfalen Süd (NRW Süd);Bergisch Gladbach / Arnsberg;Brilon;50310;;
Abteilung Nordrhein-Westfalen Süd (NRW Süd);Bergisch Gladbach / Arnsberg;Iserlohn;50304;;
Abteilung Nordrhein-Westfalen Süd (NRW Süd);Bergisch Gladbach / Arnsberg;Lüdenscheid;50307;;
Abteilung Nordrhein-Westfalen Süd (NRW Süd);Bergisch Gladbach / Arnsberg;Menden;50306;;
Abteilung Nordrhein-Westfalen Süd (NRW Süd);Bergisch Gladbach / Arnsberg;Bergisch Gladbach;40309;;
Abteilung Nordrhein-Westfalen Süd (NRW Süd);Bergisch Gladbach / Arnsberg;Gummersbach;40305;;
Abteilung Nordrhein-Westfalen Süd (NRW Süd);Bergisch Gladbach / Arnsberg;Leverkusen;40306;;
Abteilung Nordrhein-Westfalen Süd (NRW Süd);Bergisch Gladbach / Arnsberg;Olpe;50311;;
Abteilung Nordrhein-Westfalen Süd (NRW Süd);Bergisch Gladbach / Arnsberg;Siegen;50313;;
Abteilung Nordrhein-Westfalen Süd (NRW Süd);Aachen ;Aachen;40319;;
Abteilung Nordrhein-Westfalen Süd (NRW Süd);Aachen ;Düren;40313;;
Abteilung Nordrhein-Westfalen Süd (NRW Süd);Aachen ;Eschweiler;40314;;
Abteilung Nordrhein-Westfalen Süd (NRW Süd);Aachen ;Euskirchen;40316;;
Abteilung Nordrhein-Westfalen Süd (NRW Süd);Aachen ;Simmerath;40312;;
Abteilung Nordrhein-Westfalen Süd (NRW Süd);Köln;Bergheim;40307;;
Abteilung Nordrhein-Westfalen Süd (NRW Süd);Köln;Brühl;40304;;
Abteilung Nordrhein-Westfalen Süd (NRW Süd);Köln;Frechen;40308;;
Abteilung Nordrhein-Westfalen Süd (NRW Süd);Köln;Köln Mitte;40301;;
Abteilung Nordrhein-Westfalen Süd (NRW Süd);Köln;Köln Nordwest;40303;;
Abteilung Nordrhein-Westfalen Süd (NRW Süd);Köln;Köln rechtsrheinisch;40302;;
Abteilung Nordrhein-Westfalen Süd (NRW Süd);Bonn ;Bad Honnef;40315;;
Abteilung Nordrhein-Westfalen Süd (NRW Süd);Bonn ;Bonn;40310;;
Abteilung Nordrhein-Westfalen Süd (NRW Süd);Bonn ;Bonn Bad Godesberg;40311;;
Abteilung Nordrhein-Westfalen Süd (NRW Süd);Bonn ;Siegburg;40317;;
Abteilung Nordrhein-Westfalen Süd (NRW Süd);Bonn ;Troisdorf;40318;;
Abteilung Sachsen-Anhalt, Thüringen, Sachsen (ST/TH/SN);Magdeburg / Bernburg / Halle;Haldensleben;10309;;
Abteilung Sachsen-Anhalt, Thüringen, Sachsen (ST/TH/SN);Magdeburg / Bernburg / Halle;Magdeburg;10301;;
Abteilung Sachsen-Anhalt, Thüringen, Sachsen (ST/TH/SN);Magdeburg / Bernburg / Halle;Stendal;10308;;
Abteilung Sachsen-Anhalt, Thüringen, Sachsen (ST/TH/SN);Magdeburg / Bernburg / Halle;Bernburg;10303;;
Abteilung Sachsen-Anhalt, Thüringen, Sachsen (ST/TH/SN);Magdeburg / Bernburg / Halle;Dessau-Roßlau;10314;;
Abteilung Sachsen-Anhalt, Thüringen, Sachsen (ST/TH/SN);Magdeburg / Bernburg / Halle;Halberstadt;10311;;
Abteilung Sachsen-Anhalt, Thüringen, Sachsen (ST/TH/SN);Magdeburg / Bernburg / Halle;Lutherstadt Wittenberg;10304;;
Abteilung Sachsen-Anhalt, Thüringen, Sachsen (ST/TH/SN);Magdeburg / Bernburg / Halle;Wernigerode;10312;;
Abteilung Sachsen-Anhalt, Thüringen, Sachsen (ST/TH/SN);Magdeburg / Bernburg / Halle;Halle;10315;;
Abteilung Sachsen-Anhalt, Thüringen, Sachsen (ST/TH/SN);Magdeburg / Bernburg / Halle;Lutherstadt Eisleben;10305;;
Abteilung Sachsen-Anhalt, Thüringen, Sachsen (ST/TH/SN);Magdeburg / Bernburg / Halle;Merseburg;10306;;
Abteilung Sachsen-Anhalt, Thüringen, Sachsen (ST/TH/SN);Magdeburg / Bernburg / Halle;Naumburg;10307;;
Abteilung Sachsen-Anhalt, Thüringen, Sachsen (ST/TH/SN);Erfurt / Jena;Bad Salzungen;20102;;
Abteilung Sachsen-Anhalt, Thüringen, Sachsen (ST/TH/SN);Erfurt / Jena;Eisenach;20111;;
Abteilung Sachsen-Anhalt, Thüringen, Sachsen (ST/TH/SN);Erfurt / Jena;Erfurt;20101;;
Abteilung Sachsen-Anhalt, Thüringen, Sachsen (ST/TH/SN);Erfurt / Jena;Gotha;20105;;
Abteilung Sachsen-Anhalt, Thüringen, Sachsen (ST/TH/SN);Erfurt / Jena;Leinefelde;20104;;
Abteilung Sachsen-Anhalt, Thüringen, Sachsen (ST/TH/SN);Erfurt / Jena;Nordhausen;20107;;
Abteilung Sachsen-Anhalt, Thüringen, Sachsen (ST/TH/SN);Erfurt / Jena;Gera;20109;;
Abteilung Sachsen-Anhalt, Thüringen, Sachsen (ST/TH/SN);Erfurt / Jena;Jena;20112;;
Abteilung Sachsen-Anhalt, Thüringen, Sachsen (ST/TH/SN);Erfurt / Jena;Saalfeld;20110;;
Abteilung Sachsen-Anhalt, Thüringen, Sachsen (ST/TH/SN);Erfurt / Jena;Suhl;20113;;
Abteilung Sachsen-Anhalt, Thüringen, Sachsen (ST/TH/SN);Erfurt / Jena;Weimar;20108;;
Abteilung Sachsen-Anhalt, Thüringen, Sachsen (ST/TH/SN);Leipzig / Chemnitz;Döbeln;10507;;
Abteilung Sachsen-Anhalt, Thüringen, Sachsen (ST/TH/SN);Leipzig / Chemnitz;Leipzig Mitte;10551;;
Abteilung Sachsen-Anhalt, Thüringen, Sachsen (ST/TH/SN);Leipzig / Chemnitz;Leipzig Nord;10501;;
Abteilung Sachsen-Anhalt, Thüringen, Sachsen (ST/TH/SN);Leipzig / Chemnitz;Limbach-Oberfrohna;10503;;
Abteilung Sachsen-Anhalt, Thüringen, Sachsen (ST/TH/SN);Leipzig / Chemnitz;Riesa;10605;;
Abteilung Sachsen-Anhalt, Thüringen, Sachsen (ST/TH/SN);Leipzig / Chemnitz;Torgau;10509;;
Abteilung Sachsen-Anhalt, Thüringen, Sachsen (ST/TH/SN);Leipzig / Chemnitz;Aue;10510;;
Abteilung Sachsen-Anhalt, Thüringen, Sachsen (ST/TH/SN);Leipzig / Chemnitz;Chemnitz;10513;;
Abteilung Sachsen-Anhalt, Thüringen, Sachsen (ST/TH/SN);Leipzig / Chemnitz;Freiberg;10506;;
Abteilung Sachsen-Anhalt, Thüringen, Sachsen (ST/TH/SN);Leipzig / Chemnitz;Plauen;10511;;
Abteilung Sachsen-Anhalt, Thüringen, Sachsen (ST/TH/SN);Leipzig / Chemnitz;Zwickau;10512;;
Abteilung Sachsen-Anhalt, Thüringen, Sachsen (ST/TH/SN);Dresden;Bautzen;10607;;
Abteilung Sachsen-Anhalt, Thüringen, Sachsen (ST/TH/SN);Dresden;Dresden Altstadt;10601;;
Abteilung Sachsen-Anhalt, Thüringen, Sachsen (ST/TH/SN);Dresden;Dresden Neustadt;10602;;
Abteilung Sachsen-Anhalt, Thüringen, Sachsen (ST/TH/SN);Dresden;Görlitz;10609;;
Abteilung Sachsen-Anhalt, Thüringen, Sachsen (ST/TH/SN);Dresden;Meißen;10604;;
Abteilung Sachsen-Anhalt, Thüringen, Sachsen (ST/TH/SN);Dresden;Pirna;10603;;
Abteilung Sachsen-Anhalt, Thüringen, Sachsen (ST/TH/SN);Dresden;Zittau;10606;;
Abteilung Hessen, Rheinland-Pfalz, Saarland (HE/RP/SL);Kassel / Gießen;Bad Hersfeld;30109;;
Abteilung Hessen, Rheinland-Pfalz, Saarland (HE/RP/SL);Kassel / Gießen;Baunatal;30112;;
Abteilung Hessen, Rheinland-Pfalz, Saarland (HE/RP/SL);Kassel / Gießen;Kassel;30111;;
Abteilung Hessen, Rheinland-Pfalz, Saarland (HE/RP/SL);Kassel / Gießen;Korbach;30108;;
Abteilung Hessen, Rheinland-Pfalz, Saarland (HE/RP/SL);Kassel / Gießen;Alsfeld;30102;;
Abteilung Hessen, Rheinland-Pfalz, Saarland (HE/RP/SL);Kassel / Gießen;Fulda;30106;;
Abteilung Hessen, Rheinland-Pfalz, Saarland (HE/RP/SL);Kassel / Gießen;Gießen;30101;;
Abteilung Hessen, Rheinland-Pfalz, Saarland (HE/RP/SL);Kassel / Gießen;Marburg;30103;;
Abteilung Hessen, Rheinland-Pfalz, Saarland (HE/RP/SL);Koblenz;Betzdorf;40505;;
Abteilung Hessen, Rheinland-Pfalz, Saarland (HE/RP/SL);Koblenz;Koblenz;40514;;
Abteilung Hessen, Rheinland-Pfalz, Saarland (HE/RP/SL);Koblenz;Mayen;40504;;
Abteilung Hessen, Rheinland-Pfalz, Saarland (HE/RP/SL);Koblenz;Montabaur;40502;;
Abteilung Hessen, Rheinland-Pfalz, Saarland (HE/RP/SL);Koblenz;Neuwied;40506;;
Abteilung Hessen, Rheinland-Pfalz, Saarland (HE/RP/SL);Wiesbaden;Bad Homburg;30302;;
Abteilung Hessen, Rheinland-Pfalz, Saarland (HE/RP/SL);Wiesbaden;Hofheim;30309;;
Abteilung Hessen, Rheinland-Pfalz, Saarland (HE/RP/SL);Wiesbaden;Limburg;30110;;
Abteilung Hessen, Rheinland-Pfalz, Saarland (HE/RP/SL);Wiesbaden;Wetzlar;30105;;
Abteilung Hessen, Rheinland-Pfalz, Saarland (HE/RP/SL);Wiesbaden;Wiesbaden;30311;;
Abteilung Hessen, Rheinland-Pfalz, Saarland (HE/RP/SL);Frankfurt (Main) ;Eschborn;30308;;
Abteilung Hessen, Rheinland-Pfalz, Saarland (HE/RP/SL);Frankfurt (Main) ;Frankfurt (Main);30301;;
Abteilung Hessen, Rheinland-Pfalz, Saarland (HE/RP/SL);Frankfurt (Main) ;Neu-Isenburg;30407;;
Abteilung Hessen, Rheinland-Pfalz, Saarland (HE/RP/SL);Frankfurt (Main) ;Offenbach;30307;;
Abteilung Hessen, Rheinland-Pfalz, Saarland (HE/RP/SL);Hanau;Dietzenbach;30408;;
Abteilung Hessen, Rheinland-Pfalz, Saarland (HE/RP/SL);Hanau;Friedberg;30304;;
Abteilung Hessen, Rheinland-Pfalz, Saarland (HE/RP/SL);Hanau;Gelnhausen;30305;;
Abteilung Hessen, Rheinland-Pfalz, Saarland (HE/RP/SL);Hanau;Hanau;30310;;
Abteilung Hessen, Rheinland-Pfalz, Saarland (HE/RP/SL);Trier / Mainz;Bitburg;40608;;
Abteilung Hessen, Rheinland-Pfalz, Saarland (HE/RP/SL);Trier / Mainz;Simmern;40503;;
Abteilung Hessen, Rheinland-Pfalz, Saarland (HE/RP/SL);Trier / Mainz;Trier;40611;;
Abteilung Hessen, Rheinland-Pfalz, Saarland (HE/RP/SL);Trier / Mainz;Wittlich;40609;;
Abteilung Hessen, Rheinland-Pfalz, Saarland (HE/RP/SL);Trier / Mainz;Alzey;40510;;
Abteilung Hessen, Rheinland-Pfalz, Saarland (HE/RP/SL);Trier / Mainz;Bad Kreuznach;40513;;
Abteilung Hessen, Rheinland-Pfalz, Saarland (HE/RP/SL);Trier / Mainz;Idar-Oberstein;40607;;
Abteilung Hessen, Rheinland-Pfalz, Saarland (HE/RP/SL);Trier / Mainz;Mainz;40515;;
Abteilung Hessen, Rheinland-Pfalz, Saarland (HE/RP/SL);Trier / Mainz;Worms;40512;;
Abteilung Hessen, Rheinland-Pfalz, Saarland (HE/RP/SL);Darmstadt ;Bensheim;30406;;
Abteilung Hessen, Rheinland-Pfalz, Saarland (HE/RP/SL);Darmstadt ;Darmstadt;30401;;
Abteilung Hessen, Rheinland-Pfalz, Saarland (HE/RP/SL);Darmstadt ;Dieburg;30403;;
Abteilung Hessen, Rheinland-Pfalz, Saarland (HE/RP/SL);Darmstadt ;Erbach;30404;;
Abteilung Hessen, Rheinland-Pfalz, Saarland (HE/RP/SL);Darmstadt ;Groß-Gerau;30402;;
Abteilung Hessen, Rheinland-Pfalz, Saarland (HE/RP/SL);Darmstadt ;Rüsselsheim (GS Groß-Gerau);30472;;
Abteilung Hessen, Rheinland-Pfalz, Saarland (HE/RP/SL);Saarbrücken;Homburg;40606;;
Abteilung Hessen, Rheinland-Pfalz, Saarland (HE/RP/SL);Saarbrücken;Illingen;40603;;
Abteilung Hessen, Rheinland-Pfalz, Saarland (HE/RP/SL);Saarbrücken;Merzig;40602;;
Abteilung Hessen, Rheinland-Pfalz, Saarland (HE/RP/SL);Saarbrücken;Saarbrücken;40610;;
Abteilung Hessen, Rheinland-Pfalz, Saarland (HE/RP/SL);Saarbrücken;Saarlouis;40605;;
Abteilung Hessen, Rheinland-Pfalz, Saarland (HE/RP/SL);Saarbrücken;St. Wendel;40604;;
Abteilung Hessen, Rheinland-Pfalz, Saarland (HE/RP/SL);Ludwigshafen;Kaiserslautern;40601;;
Abteilung Hessen, Rheinland-Pfalz, Saarland (HE/RP/SL);Ludwigshafen;Landau;40507;;
Abteilung Hessen, Rheinland-Pfalz, Saarland (HE/RP/SL);Ludwigshafen;Ludwigshafen;40501;;
Abteilung Hessen, Rheinland-Pfalz, Saarland (HE/RP/SL);Ludwigshafen;Neustadt (Weinstraße);40508;;
Abteilung Hessen, Rheinland-Pfalz, Saarland (HE/RP/SL);Ludwigshafen;Speyer;40509;;
Abteilung Bayern (BY);Würzburg;Aschaffenburg;20209;;
Abteilung Bayern (BY);Würzburg;Bad Neustadt;20208;;
Abteilung Bayern (BY);Würzburg;Karlstadt;20207;;
Abteilung Bayern (BY);Würzburg;Schweinfurt (beeinhaltet GS Schweinfurt Bergl);"20210; 20260";;
Abteilung Bayern (BY);Würzburg;Würzburg;20201;;
Abteilung Bayern (BY);Bamberg ;Bamberg;20204;;
Abteilung Bayern (BY);Bamberg ;Bayreuth;20211;;
Abteilung Bayern (BY);Bamberg ;Coburg;20205;;
Abteilung Bayern (BY);Bamberg ;Kitzingen;20206;;
Abteilung Bayern (BY);Bamberg ;Kronach;20203;;
Abteilung Bayern (BY);Bamberg ;Weiden;20505;;
Abteilung Bayern (BY);Erlangen;Ansbach;20404;;
Abteilung Bayern (BY);Erlangen;Erlangen;20405;;
Abteilung Bayern (BY);Erlangen;Fürth;20406;;
Abteilung Bayern (BY);Erlangen;Lauf;20409;;
Abteilung Bayern (BY);Nürnberg ;Amberg (beeinhaltet GS Schwandorf);20504;;
Abteilung Bayern (BY);Nürnberg ;Neumarkt;20408;;
Abteilung Bayern (BY);Nürnberg ;Nürnberg;20401;;
Abteilung Bayern (BY);Nürnberg ;Schwabach (beeinhaltet GS Weißenburg);20403;;
Abteilung Bayern (BY);Regensburg;Deggendorf (beeinhaltet GS Freyung);20506;;
Abteilung Bayern (BY);Regensburg;Landshut;20507;;
Abteilung Bayern (BY);Regensburg;Passau;20508;;
Abteilung Bayern (BY);Regensburg;Regensburg;20511;;
Abteilung Bayern (BY);Regensburg;Straubing;20501;;
Abteilung Bayern (BY);Regensburg;Cham (GS Straubing);20571;;
Abteilung Bayern (BY);Regensburg;Pfarrkirchen (GS Landshut);20577;;
Abteilung Bayern (BY);Augsburg ;Augsburg;20601;;
Abteilung Bayern (BY);Augsburg ;Ingolstadt;20607;;
Abteilung Bayern (BY);Augsburg ;Kaufbeuren;20605;;
Abteilung Bayern (BY);Augsburg ;Kempten (beeinhaltet GS Memmingen);20609;;
Abteilung Bayern (BY);Augsburg ;Nördlingen (GS Augsburg);20671;;
Abteilung Bayern (BY);München ;Fürstenfeldbruck;20706;;
Abteilung Bayern (BY);München ;München Mitte;20701;;
Abteilung Bayern (BY);München ;München Ost;;;
Abteilung Bayern (BY);München ;München Pasing;20704;;
Abteilung Bayern (BY);München ;München Schwabing;;;
Abteilung Bayern (BY);München ;Ottobrunn;20708;;
Abteilung Bayern (BY);Rosenheim;Bad Tölz;20608;;
Abteilung Bayern (BY);Rosenheim;Erding;20709;;
Abteilung Bayern (BY);Rosenheim;Freising;20707;;
Abteilung Bayern (BY);Rosenheim;Mühldorf;20712;;
Abteilung Bayern (BY);Rosenheim;Rosenheim;20713;;
Abteilung Bayern (BY);Rosenheim;Traunstein;20711;;
Abteilung Bayern (BY);Rosenheim;Ebersberg (GS Rosenheim);20783;;
Hauptgeschäftsgestelle (HGS);HGS Berlin Mitte;;10100;;
Hauptgeschäftsgestelle (HGS);HGS Potsdam;;10200;;
Hauptgeschäftsgestelle (HGS);HGS Magdeburg;;10300;;
Hauptgeschäftsgestelle (HGS);HGS Cottbus;;10400;;
Hauptgeschäftsgestelle (HGS);HGS Leipzig;;10500;;
Hauptgeschäftsgestelle (HGS);HGS Dresden;;10600;;
Hauptgeschäftsgestelle (HGS);HGS Erfurt;;20100;;
Hauptgeschäftsgestelle (HGS);HGS Würzburg;;20200;;
Hauptgeschäftsgestelle (HGS);HGS Nürnberg;;20400;;
Hauptgeschäftsgestelle (HGS);HGS Straubing;;20500;;
Hauptgeschäftsgestelle (HGS);HGS Augsburg;;20600;;
Hauptgeschäftsgestelle (HGS);HGS München;;20700;;
Hauptgeschäftsgestelle (HGS);HGS Gießen;;30100;;
Hauptgeschäftsgestelle (HGS);HGS Frankfurt am Main;;30300;;
Hauptgeschäftsgestelle (HGS);HGS Darmstadt;;30400;;
Hauptgeschäftsgestelle (HGS);HGS Heidelberg;;30500;;
Hauptgeschäftsgestelle (HGS);HGS Stuttgart;;30700;;
Hauptgeschäftsgestelle (HGS);HGS Reutlingen;;30800;;
Hauptgeschäftsgestelle (HGS);HGS Freiburg;;30900;;
Hauptgeschäftsgestelle (HGS);HGS Düsseldorf;;40100;;
Hauptgeschäftsgestelle (HGS);HGS Mönchengladbach;;40200;;
Hauptgeschäftsgestelle (HGS);HGS Köln;;40300;;
Hauptgeschäftsgestelle (HGS);HGS Bonn;;40400;;
Hauptgeschäftsgestelle (HGS);HGS Ludwigshafen;;40500;;
Hauptgeschäftsgestelle (HGS);HGS Kaiserslautern;;40600;;
Hauptgeschäftsgestelle (HGS);HGS Bielefeld;;50100;;
Hauptgeschäftsgestelle (HGS);HGS Münster;;50200;;
Hauptgeschäftsgestelle (HGS);HGS Dortmund;;50300;;
Hauptgeschäftsgestelle (HGS);HGS Essen;;50400;;
Hauptgeschäftsgestelle (HGS);HGS Kiel;;60100;;
Hauptgeschäftsgestelle (HGS);HGS Rostock;;60200;;
Hauptgeschäftsgestelle (HGS);HGS Hamburg;;60300;;
Hauptgeschäftsgestelle (HGS);HGS Bremen;;60400;;
Hauptgeschäftsgestelle (HGS);HGS Osnabrück;;60500;;
Hauptgeschäftsgestelle (HGS);HGS Göttingen ;;60600;;
Platzhalter;Platzhalter;Platzhalter;10502;;
Platzhalter;Platzhalter;Platzhalter;20702;;
Platzhalter;Platzhalter;Platzhalter;20703;;
Platzhalter;Platzhalter;Platzhalter;20705;;
